ENTERPRISE_NAME,MFR_NAME
-,3M
3M,AFF (SUREWERX)
ABB,ALBION INDUSTRIES
ALTRA-THOMSON,ALEMITE TOOLS & EQUIPMENT
AMI BEARINGS INC,AMERICAN ROLLER BEARINGS
AMMEGA GROUP,AMI BEARINGS INC
ANSELL,ANSELL
BANNER ENGINEERING CORP,ARO CORP
BARKSDALE INC,ASCO
BRADY CORPORATION,ATOS
CHICAGO PNEUMATIC,ATRAFLEX SALES INC
COLSON GROUP,AVENTICS
CONSOLIDATED BEARINGS CO,"B & B MANUFACTURING, INC."
CONTINENTAL,BALDOR ELECTRIC COMPANY
DANFOSS POWER SOLUTIONS,BANNER ENGINEERING CORP
DIXON,BARKSDALE INC
DONALDSON COMPANY INC,BOB DALE GLOVES
DOW CORNING,BOSTON GEAR
DYNAPAR,BOSTON IND (DANFOSS)
EMERSON FMC,BRADY
FESTO,BROWNING
FLEXCO,BRUBAKER TOOL CORP
FLIR COMPANY,BUNTING BEARINGS LLC
FREUDENBERG SEALING TECH.,CHAR-LYNN (DANFOSS)
GATES RUBBER CO,CHICAGO PNEUMATIC
GRACO INC,CLIMAX METAL PRODUCTS CO
HYDAC,CONSOLIDATED BEARINGS CO
IDEX CORPORATION,CONTINENTAL
INGERSOLL RAND,COOPER BEARINGS (SKF)
JTEKT CORPORATION (KOYO),CR SEALS (SKF)
KURIYAMA OF AMERICA,DANFOSS ADAPTERS
LDI INDUSTRIES,DANFOSS AEROQUIP LLC
LOCTITE CORPORATION,DANFOSS AIRFLEX
MARTIN SPROCKET & GEAR CO,DANFOSS HYDRAULIC PWR UNI
MASTER PT,DANFOSS HYDROSTATIC
MAXCO CHAIN LTD,DELAWARE MFG IND CORP
MCR SAFETY,DEWALT
MILWAUKEE ELECTRIC TOOL,DIAMOND CHAIN COMPANY
NEW PIG,DIXON VALVE & COUPLING CO
NSK GROUP,DODGE
NTN BEARING GROUP,DONALDSON FILTERS
OSBORN INTERNATIONAL,DOW SEALANTS-LENTUS LLC
PINNACLE CLIMATE TECH,DYNAPAR CORP
PRECISION PULLEY & IDLER,EDT CORP
PROTECTIVE IND'L PRODUCTS,EWELLIX USA LLC
RBC BEARING INCORPORATED,EXTECH INSTRUMENTS
REGAL-REXNORD,FACOM
ROTOR CLIP CO INC,FAG (SCHAEFFLER)
SCHAEFFLER GROUP,FALK
SICK INC,FESTO CORPORATION
SKF,FLEXCO
SMC CORP OF AMERICA,FREUDENBERG NOK
SNAP-ON,GAST MFG
SOLVE IMG,GATES RUBBER CO
SPRECHER & SCHUH,GEMS SENSORS & CONTROLS
STANDARD LOCKNUT LLC,GENERAL BEARING (SKF)
STANLEY BLACK & DECKER,GRACO INC
SUMITOMO MACHINERY CORP,GROVE GEAR
SUREWERX,HAMILTON CASTER & MFG.CO.
THK AMERICA INC,HEIM BEARING
TIMKEN GROUP,HEXARMOR
US TSUBAKI,HYDAC CORP
WIKA,IKO INTERNATIONAL INC
ZEP,IPTCI BEARINGS
,IRWIN INDUSTRIAL TOOL
,JASON INDUSTRIAL
,JTEKT KOYO
,KAYDON BEARINGS (SKF)
,KILIAN BRG
,KURIYAMA OF AMERICA
,L S STARRETT
,LIFT-ALL
,LINCOLN LUBRICATION
,LINK-BELT
,LISTA BY STANLEY
,LOCTITE CORPORATION
,LOVEJOY INC
,MARTIN SPROCKET & GEAR CO
,MASTER PT
,MAXCO CHAIN
,MCGILL
,MCR SAFETY
,MEGADYNE
,MELIN TOOL COMPANY
,MILWAUKEE TOOL
,MODULAR CONTROLS (DANFOSS
,MOLEX INC
,MORSE
,MRC (SKF)
,NACHI AMERICA INC
,NEW PIG CORPORATION
,NICE BALL BEARINGS
,"NSK CORP, BEARING DIV"
,NTN
,NUMATICS INC
,OMRON ELECTRONICS INC
,OPTIBELT CORPORATION
,OSBORN LOAD RUNNERS
,PACIFIC BEARING COMPANY
,PEER BEARING CO (SKF)
,PINNACLE CLIMATE TECH
,PIONEER PRO. (SUREWERX)
,PIP PROTECTIVE IND.PROD.
,PRECISION BRAND PRODUCTS
,PRECISION PULLEY & IDLER
,PROTO TOOLS
,PT INTERNATIONAL CORP
,RBC BEARINGS INC
,RELIANCE ELECTRIC
,REXNORD INC
,ROLLWAY
,ROTOR CLIP CO INC
,SCHEERER BEARING CORP
,SEALMASTER
,SICK INC
,SKF
,SMC CORP OF AMERICA
,SNAP-ON TOOLS
,SPRECHER & SCHUH
,STANDARD LOCKNUT LLC
,SUMITOMO DRIVE TECH
,SWISS PRECISION INST INC
,SYNFLEX (DANFOSS)
,SYSTEM PLAST
,TB WOODS
,THK AMERICA INC
,THOMSON (ALTRA)
,TIMKEN
,TIMKEN (FAFNIR)
,TIMKEN (REVOLVO)
,TIMKEN BELTS (CARLISLE)
,TIMKEN DRIVES LLC
,TIMKEN NATIONAL SEALS
,TRILEX FLUID POWER
,TSUBAKI (UST)
,VESCOR
,VICKERS BY DANFOSS
,WARNER
,WEATHERHEAD (DANFOSS)
,WICHITA CLUTCH
,WIKA INSTRUMENT CORP
,WM BERG
,ZEP SALES & SERVICE
